Workbook

Sheet 0. Read Me
A1: Projento — Procurement Reference v2
A2: Version | B2: 2.3 · 11 October 2026 · Nabil Kayali · replaces v2.2 (routes renamed to the RIBA Plan of Work 2020: Design & Build 1 Stage, Design & Build 2 Stage, Management Contract / Construction Management; tab 5 gains the ▶ contract_rules table the app reads — Minor Works (MW / MWD / NEC4 ECS) under £1m and up to 500 m², and the CDP option under Traditional). Scores and tab 3 unchanged.
A3: Purpose | B3: Gives each feasibility report a preferred and an alternative option for four procurement decisions, driven by four project drivers.
A5: DRIVERS (inputs)
A6: Value | B6: Construction cost excl. VAT — from the NRM1 workbook (mid-point).
A7: Duration | B7: Construction duration in weeks — from the Programme workbook.
A8: Risk | B8: Number of risks rated High in the report's risk register.
A9: Client top priority | B9: Q4.4 — the one thing that matters most.
A11: OUTPUTS
A12: Procurement route | B12: Traditional · Design and build · Two-stage (PCSA) · Construction management
A13: Commercial model | B13: Lump sum · GMP · Target cost · Remeasurement · Cost reimbursable
A14: Route to market | B14: Quotations · Open tender · Selective tender · Framework mini-competition · Framework direct award · Negotiated
A15: Contract type | B15: JCT form and the NEC4 equivalent
A17: HOW THE APP DECIDES
A18: 1. Set levels | B18: For each driver, take the highest level in tab 1 whose 'From' the project meets.
A19: 2. Score | B19: For each option in tab 2, read the four scores for those levels: 2 = good fit, 1 = possible, 0 = poor fit, X = not suitable (drop the option). Score = value + duration + risk + (2 × priority). Weights are in tab 1; maximum score is 10.
A20: 3. Client filter | B20: Drop 'Public only' options for private clients and 'Private only' options for public clients.
A21: 4. Procurement route | B21: Highest score = Preferred; second = Alternative. A tie goes to the option listed first.
A22: 5. Commercial model | B22: Score only the models whose 'Works with routes' includes the route. Pick the best for the preferred route and the best for the alternative route.
A23: 6. Contract type | B23: Look up route + model in tab 3. Use the JCT column for the value band and show the NEC4 option alongside.
A24: 7. Route to market | B24: Highest score = Preferred; second = Alternative.
A25: 8. Report text | B25: Build the section from the 'What it is', 'Best when' and 'Watch-outs' cells. The AI must not name any option or contract that is not in this workbook.
A27: CHECK TAB | B27: Tab 4 runs the same rules with formulas. Change the yellow cells to test any project. The app does not read tab 4.
A29: APP CHANGES NEEDED
A30: Top priority | B30: Q4.4 is multi-select. Add a follow-up: 'Which ONE matters most?' using the same seven options.
A31: Client type | B31: Add 'Is the client a public-sector body?' (Yes / No). Framework options are shown only when Yes.
A32: Wiring | B32: Add env var PROCUREMENT_FILE_URL and include this file in /api/rates-check.
A33: Editing | B33: Level names in tab 1 column C must match the score column headings in tab 2 exactly.
A35: BASIS
A36: Works threshold | B36: £5,193,000 incl. VAT — Procurement Act 2023 (Threshold Amounts) (Amendment) Regulations 2025, for procurements started from 1 January 2026.
A37: Scores and contract mapping | B37: Standard UK practice (JCT and NEC4 guidance, RICS and RIBA procurement guidance) applied by Claude. Review with a QS or procurement lead before relying on them.
A38: Contract editions | B38: Use the current edition of each form (JCT 2024 editions where published).
A39: Disclaimer | B39: Guidance for RIBA Stage 0–1 feasibility only. Not legal or procurement advice.

Sheet 1. Drivers
A1: Driver | B1: Code | C1: Level (column name in tab 2) | D1: From (project value is at least) | E1: Questionnaire answer / meaning | F1: Source in the app
A2: Value | B2: V0 | C2: V0 Under £100k | D2: 0 | E2: Construction cost excl. VAT (£) | F2: NRM1 workbook — construction cost mid-point, excl. VAT
A3: Value | B3: V1 | C3: V1 Under £1m | D3: 100000 | E3: Construction cost excl. VAT (£) | F3: NRM1 workbook — construction cost mid-point, excl. VAT
A4: Value | B4: V2 | C4: V2 £1m to threshold | D4: 1000000 | E4: Construction cost excl. VAT (£) | F4: NRM1 workbook — construction cost mid-point, excl. VAT
A5: Value | B5: V3 | C5: V3 Threshold to £20m | D5: =$D$29 -> 4327500 | E5: Construction cost excl. VAT (£) | F5: NRM1 workbook — construction cost mid-point, excl. VAT
A6: Value | B6: V4 | C6: V4 Over £20m | D6: 20000000 | E6: Construction cost excl. VAT (£) | F6: NRM1 workbook — construction cost mid-point, excl. VAT
A7: Duration | B7: D1 | C7: D1 Up to 26 wks | D7: 0 | E7: Construction duration (weeks) | F7: Programme workbook — construction duration
A8: Duration | B8: D2 | C8: D2 27–52 wks | D8: 27 | E8: Construction duration (weeks) | F8: Programme workbook — construction duration
A9: Duration | B9: D3 | C9: D3 Over 52 wks | D9: 53 | E9: Construction duration (weeks) | F9: Programme workbook — construction duration
A10: Risk | B10: R1 | C10: R1 Low | D10: 0 | E10: 0–1 risks rated High | F10: Report risk register — count of risks rated High
A11: Risk | B11: R2 | C11: R2 Medium | D11: 2 | E11: 2–3 risks rated High | F11: Report risk register — count of risks rated High
A12: Risk | B12: R3 | C12: R3 High | D12: 4 | E12: 4 or more risks rated High | F12: Report risk register — count of risks rated High
A13: Client top priority | B13: P1 | C13: P1 Lowest cost | E13: Lowest cost | F13: Q4.4 — the one that matters most
A14: Client top priority | B14: P2 | C14: P2 Fixed/certain final cost | E14: Fixed/certain final cost | F14: Q4.4 — the one that matters most
A15: Client top priority | B15: P3 | C15: P3 Speed | E15: Speed | F15: Q4.4 — the one that matters most
A16: Client top priority | B16: P4 | C16: P4 Design quality | E16: Design quality | F16: Q4.4 — the one that matters most
A17: Client top priority | B17: P5 | C17: P5 Flexibility | E17: Flexibility | F17: Q4.4 — the one that matters most
A18: Client top priority | B18: P6 | C18: P6 Minimise disruption | E18: Minimise disruption | F18: Q4.4 — the one that matters most
A19: Client top priority | B19: P7 | C19: P7 Funder/compliance requirement | E19: Funder/compliance requirement | F19: Q4.4 — the one that matters most
A21: WEIGHTS
A22: Weight — Value | D22: 1
A23: Weight — Duration | D23: 1
A24: Weight — Risk | D24: 1
A25: Weight — Client top priority | D25: 2 | E25: Priority counts double: it is the client's explicit steer.
A27: KEY FIGURE
A28: Works threshold incl. VAT (£) | D28: 5193000 | E28: Legal threshold for public works contracts. Review every two years.
A29: Works threshold excl. VAT (£) | D29: =D28/1.2 -> 4327500 | E29: Used as the start of value level V3.

Sheet 2. Options
A1: ID | B1: Output | C1: Option | D1: What it is | E1: Best when | F1: Watch-outs | G1: Works with routes | H1: Client | I1: V0 Under £100k | J1: V1 Under £1m | K1: V2 £1m to threshold | L1: V3 Threshold to £20m | M1: V4 Over £20m | N1: D1 Up to 26 wks | O1: D2 27–52 wks | P1: D3 Over 52 wks | Q1: R1 Low | R1: R2 Medium | S1: R3 High | T1: P1 Lowest cost | U1: P2 Fixed/certain final cost | V1: P3 Speed | W1: P4 Design quality | X1: P5 Flexibility | Y1: P6 Minimise disruption | Z1: P7 Funder/compliance requirement | AA1: Project types
A2: PR1 | B2: Procurement route | C2: Traditional | D2: The client's design team completes the design; contractors then price and build it. The client keeps design control. | E2: Design can be completed before tender; cost certainty and design quality matter more than speed. | F2: Slowest route to site. Gaps in the design become client variations. Little contractor input to buildability. | H2: All | I2: 2 | J2: 2 | K2: 2 | L2: 1 | M2: 1 | N2: 2 | O2: 2 | P2: 1 | Q2: 2 | R2: 1 | S2: 0 | T2: 2 | U2: 2 | V2: 0 | W2: 2 | X2: 1 | Y2: 1 | Z2: 2
A3: PR2 | B3: Procurement route | C3: Design & Build 1 Stage | D3: The client sets its requirements; one contractor designs and builds for an agreed price. The client's designers may be novated to the contractor. | E3: Requirements are clear and the client wants one point of responsibility and price certainty. | F3: Quality depends on how well the requirements are written. Less control of detail. Changes after award are expensive. | H3: All | I3: 1 | J3: 1 | K3: 2 | L3: 2 | M3: 2 | N3: 1 | O3: 2 | P3: 2 | Q3: 2 | R3: 1 | S3: 1 | T3: 1 | U3: 2 | V3: 1 | W3: 1 | X3: 0 | Y3: 1 | Z3: 1
A4: PR3 | B4: Procurement route | C4: Design & Build 2 Stage | D4: A contractor is appointed early under a pre-construction services agreement on fees and prelims, helps develop the design, then prices the works open-book for the second stage. | E4: Complex, occupied or phased work, or poor existing information, where early contractor input to sequencing and buildability pays off. | F4: Less price competition at the second stage. Needs a strong cost consultant to test the price. Scope creep if not controlled. | H4: All | I4: 0 | J4: 0 | K4: 1 | L4: 2 | M4: 2 | N4: 0 | O4: 1 | P4: 2 | Q4: 0 | R4: 2 | S4: 2 | T4: 0 | U4: 1 | V4: 2 | W4: 1 | X4: 1 | Y4: 2 | Z4: 1
A5: PR4 | B5: Procurement route | C5: Management Contract / Construction Management | D5: The client contracts directly with each trade contractor; a construction manager is paid a fee to manage them. | E5: Large, complex or fast-track projects where the client is experienced and wants direct control of quality and change. | F5: The client carries most of the cost and interface risk. No overall price until the last package is let. Needs an experienced client team. | H5: All | I5: X | J5: X | K5: X | L5: 0 | M5: 2 | N5: 0 | O5: 1 | P5: 2 | Q5: 0 | R5: 1 | S5: 2 | T5: 0 | U5: 0 | V5: 2 | W5: 2 | X5: 2 | Y5: 1 | Z5: 0
A6: CM1 | B6: Commercial model | C6: Lump sum | D6: One agreed price for a defined scope; the contractor carries the risk of its own pricing. | E6: Scope and design are well defined and the client wants a firm price at award. | F6: Unclear or changing scope leads to variations and claims. Contractors add risk allowances where information is poor. | G6: PR1; PR2; PR3 | H6: All | I6: 2 | J6: 2 | K6: 2 | L6: 2 | M6: 1 | N6: 2 | O6: 2 | P6: 1 | Q6: 2 | R6: 1 | S6: 0 | T6: 2 | U6: 2 | V6: 1 | W6: 1 | X6: 0 | Y6: 1 | Z6: 2
A7: CM2 | B7: Commercial model | C7: Guaranteed maximum price (GMP) | D7: The contractor guarantees a ceiling price; the client usually shares any saving below it. | E7: Larger design and build work where the client needs a firm upper limit before the design is complete. | F7: Contractors price the cap with a risk premium. No standard form — needs legal amendments. Define clearly what can move the cap. | G7: PR2; PR3 | H7: All | I7: 0 | J7: 0 | K7: 1 | L7: 2 | M7: 2 | N7: 0 | O7: 1 | P7: 2 | Q7: 0 | R7: 2 | S7: 1 | T7: 0 | U7: 2 | V7: 1 | W7: 0 | X7: 1 | Y7: 1 | Z7: 1
A8: CM3 | B8: Commercial model | C8: Target cost | D8: A target price is agreed; the contractor is paid actual cost plus fee, and overruns or savings are shared by an agreed formula. | E8: Uncertain or evolving scope where client and contractor work together to control cost. | F8: No firm final price. Needs open-book cost auditing and an experienced client team. | G8: PR1; PR2; PR3 | H8: All | I8: 0 | J8: 0 | K8: 1 | L8: 2 | M8: 2 | N8: 0 | O8: 1 | P8: 2 | Q8: 0 | R8: 1 | S8: 2 | T8: 1 | U8: 0 | V8: 2 | W8: 1 | X8: 2 | Y8: 2 | Z8: 0
A9: CM4 | B9: Commercial model | C9: Remeasurement | D9: Priced against approximate quantities or a schedule of rates; the work is measured as built and paid at the tendered rates. | E9: The type of work is known but not its quantity — repairs, refurbishment with hidden conditions, or rolling programmes. | F9: Final cost is only known at the end. Needs a reliable estimate of quantities and regular measurement. | G9: PR1 | H9: All | I9: 2 | J9: 2 | K9: 2 | L9: 1 | M9: 1 | N9: 1 | O9: 2 | P9: 2 | Q9: 1 | R9: 2 | S9: 2 | T9: 1 | U9: 0 | V9: 2 | W9: 1 | X9: 2 | Y9: 1 | Z9: 1 | AA9: External works only
A10: CM5 | B10: Commercial model | C10: Cost reimbursable | D10: The contractor is paid its actual costs plus an agreed fee. | E10: Urgent work that cannot be defined in time to price, or management-led routes. | F10: Lowest cost certainty and weakest incentive to save. Needs tight cost control and auditing. | G10: PR1; PR4 | H10: All | I10: 1 | J10: 1 | K10: 0 | L10: 0 | M10: 1 | N10: 2 | O10: 1 | P10: 1 | Q10: 0 | R10: 1 | S10: 2 | T10: 0 | U10: 0 | V10: 2 | W10: 1 | X10: 2 | Y10: 1 | Z10: 0
A11: RM1 | B11: Route to market | C11: Quotations | D11: Written quotations from at least three suitable contractors against a clear specification. | E11: Low-value, simple, well-defined work within the client's standing-order limit. | F11: Only within standing-order limits (often £50k–£250k). A weak specification leads to disputes. CDM duties still apply. | H11: All | I11: 2 | J11: X | K11: X | L11: X | M11: X | N11: 2 | O11: 1 | P11: 0 | Q11: 2 | R11: 1 | S11: 0 | T11: 1 | U11: 1 | V11: 2 | W11: 0 | X11: 1 | Y11: 0 | Z11: 0
A12: RM2 | B12: Route to market | C12: Open tender | D12: Advertised publicly; any contractor meeting the conditions may bid. | E12: The client wants maximum competition and a transparent audit trail. | F12: Slowest route. Many bids to evaluate. Public bodies above the threshold must follow the Procurement Act 2023. | H12: All | I12: 1 | J12: 1 | K12: 2 | L12: 2 | M12: 1 | N12: 0 | O12: 1 | P12: 2 | Q12: 2 | R12: 1 | S12: 0 | T12: 2 | U12: 2 | V12: 0 | W12: 0 | X12: 0 | Y12: 0 | Z12: 2
A13: RM3 | B13: Route to market | C13: Selective tender | D13: A shortlist of 4–6 suitable contractors is invited to tender. | E13: The client wants competition among contractors of proven capability. | F13: Public bodies above the threshold need a compliant procedure (e.g. competitive flexible) to shortlist. Prequalification takes time. | H13: All | I13: 2 | J13: 2 | K13: 2 | L13: 1 | M13: 1 | N13: 1 | O13: 2 | P13: 2 | Q13: 2 | R13: 2 | S13: 1 | T13: 2 | U13: 2 | V13: 1 | W13: 2 | X13: 1 | Y13: 1 | Z13: 2
A14: RM4 | B14: Route to market | C14: Framework — mini-competition | D14: A competition among contractors already appointed to a public-sector framework. | E14: Public clients who want competition with pre-vetted contractors and standard terms, faster than an open tender. | F14: Public and eligible bodies only. Check the lot's scope, value band, region and expiry. Framework fees may apply. | H14: Public only | I14: 1 | J14: 1 | K14: 2 | L14: 2 | M14: 2 | N14: 1 | O14: 2 | P14: 2 | Q14: 1 | R14: 2 | S14: 2 | T14: 1 | U14: 2 | V14: 1 | W14: 1 | X14: 1 | Y14: 1 | Z14: 2
A15: RM5 | B15: Route to market | C15: Framework — direct award | D15: Direct appointment of one framework contractor, where the framework rules allow. | E15: Speed is critical, or early engagement with a proven contractor is needed (often with two-stage). | F15: Public and eligible bodies only. Less price competition — needs a strong cost consultant. Must follow the framework's award rules. | H15: Public only | I15: 1 | J15: 1 | K15: 1 | L15: 2 | M15: 2 | N15: 2 | O15: 2 | P15: 1 | Q15: 1 | R15: 1 | S15: 2 | T15: 0 | U15: 1 | V15: 2 | W15: 1 | X15: 2 | Y15: 2 | Z15: 1
A16: RM6 | B16: Route to market | C16: Negotiated | D16: The client negotiates directly with one chosen contractor. | E16: Private clients with a trusted contractor, urgent work, or a follow-on phase. | F16: No competition, so value must be tested by a cost consultant. Not normally open to public bodies. | H16: Private only | I16: 2 | J16: 2 | K16: 1 | L16: 1 | M16: 1 | N16: 2 | O16: 1 | P16: 1 | Q16: 1 | R16: 1 | S16: 2 | T16: 0 | U16: 1 | V16: 2 | W16: 1 | X16: 2 | Y16: 2 | Z16: 0
A18: Scores: 2 = good fit · 1 = possible · 0 = poor fit · X = not suitable. Basis: standard UK practice applied by Claude — review before relying on it.

Sheet 3. Contracts
A1: Key (route|model) | B1: Route + commercial model | C1: JCT — V0/V1 under £1m | D1: JCT — V2 £1m to threshold | E1: JCT — V3/V4 above threshold | F1: NEC4 equivalent | G1: Notes
A2: PR1|CM1 | B2: Traditional + Lump sum | C2: JCT Minor Works (MW) for simple work; JCT Intermediate (IC) if more complex | D2: JCT Intermediate (IC); ICD where the contractor designs part (e.g. M&E) | E2: JCT Standard Building Contract with Quantities (SBC/Q) or without Quantities (SBC/XQ) | F2: ECC Option A (priced contract with activity schedule); ECSC for simple low-value work | G2: Tender on a full specification or bills of quantities.
A3: PR1|CM3 | B3: Traditional + Target cost | C3: Not typical at this value | D3: JCT Constructing Excellence (CE) with target cost | E3: JCT Constructing Excellence (CE) with target cost | F3: ECC Option C (target, activity schedule) or Option D (target, bill of quantities) | G3: Open-book cost auditing needed.
A4: PR1|CM4 | B4: Traditional + Remeasurement | C4: JCT Measured Term Contract (MTC) for a programme of small works; otherwise SBC with Approximate Quantities (SBC/AQ) | D4: JCT SBC with Approximate Quantities (SBC/AQ) | E4: JCT SBC with Approximate Quantities (SBC/AQ) | F4: ECC Option B (priced contract with bill of quantities); Term Service Contract (TSC) for a programme | G4: Regular measurement needed through the works.
A5: PR1|CM5 | B5: Traditional + Cost reimbursable | C5: JCT Prime Cost Building Contract (PCC) | D5: JCT Prime Cost Building Contract (PCC) | E5: JCT Prime Cost Building Contract (PCC) | F5: ECC Option E (cost reimbursable) | G5: Use only for urgent or undefinable work; needs tight cost control.
A6: PR2|CM1 | B6: Design and build + Lump sum | C6: JCT Minor Works with Contractor's Design (MWD) | D6: JCT Design and Build (DB); ICD where the contractor designs only part | E6: JCT Design and Build (DB) | F6: ECC Option A with contractor's design | G6: Quality depends on the Employer's Requirements.
A7: PR2|CM2 | B7: Design and build + GMP | C7: Not typical at this value | D7: JCT Design and Build (DB) with GMP amendments | E7: JCT Design and Build (DB) with GMP amendments | F7: ECC Option C with a price cap (bespoke Z clause) | G7: No standard GMP form — amendments need legal input.
A8: PR2|CM3 | B8: Design and build + Target cost | C8: Not typical at this value | D8: JCT Constructing Excellence (CE) with contractor's design and target cost | E8: JCT Constructing Excellence (CE) with contractor's design and target cost | F8: ECC Option C with contractor's design | G8: Open-book cost auditing needed.
A9: PR3|CM1 | B9: Two-stage + Lump sum | C9: Not typical at this value | D9: JCT Pre-Construction Services Agreement (PCSA), then JCT DB (or SBC) | E9: JCT Pre-Construction Services Agreement (PCSA), then JCT DB (or SBC) | F9: First stage under NEC4 Professional Service Contract (PSC); construction under ECC Option A | G9: Test the second-stage price against benchmarks before signing.
A10: PR3|CM2 | B10: Two-stage + GMP | C10: Not typical at this value | D10: JCT PCSA, then JCT DB with GMP amendments | E10: JCT PCSA, then JCT DB with GMP amendments | F10: ECC Option C with Option X22 (early contractor involvement) and a price cap (Z clause) | G10: No standard GMP form — amendments need legal input.
A11: PR3|CM3 | B11: Two-stage + Target cost | C11: Not typical at this value | D11: JCT PCSA, then JCT Constructing Excellence (CE) with target cost | E11: JCT PCSA, then JCT Constructing Excellence (CE) with target cost | F11: ECC Option C with Option X22 (early contractor involvement) | G11: Common NEC4 model for complex public work.
A12: PR4|CM5 | B12: Construction management + Cost reimbursable | C12: Not typical at this value | D12: Not typical at this value | E12: JCT Construction Management Appointment (CM/A) and Trade Contracts (CM/TC); or JCT Management Building Contract (MC) | F12: PSC for the construction manager and ECC for each trade package; or ECC Option F (management contract) | G12: Trade packages are usually lump sum; the overall cost is not fixed until the last package is let.

Sheet 4. Check
A1: Check — test any project
A2: Change the yellow cells. Same rules as the app; the app does not read this tab.
A3: Input | B3: Value | C3: Level
A4: Construction cost (£, excl. VAT) | B4: 10000000 | C4: =INDEX('1. Drivers'!$C$3:$C$6,MATCH(B4,'1. Drivers'!$D$3:$D$6,1)) -> V3 Threshold to £20m
A5: Construction duration (weeks) | B5: 40 | C5: =INDEX('1. Drivers'!$C$7:$C$9,MATCH(B5,'1. Drivers'!$D$7:$D$9,1)) -> D2 27–52 wks
A6: Number of risks rated High in the risk register | B6: 5 | C6: =INDEX('1. Drivers'!$C$10:$C$12,MATCH(B6,'1. Drivers'!$D$10:$D$12,1)) -> R3 High
A7: Client top priority (Q4.4) | B7: Fixed/certain final cost | C7: =INDEX('1. Drivers'!$C$13:$C$19,MATCH(B7,'1. Drivers'!$E$13:$E$19,0)) -> P2 Fixed/certain final cost
A8: Public-sector client? | B8: No
A10: Output | B10: Preferred | C10: Score | D10: Alternative | E10: Score | F10: Pref. ID | G10: Alt. ID
A11: Procurement route | B11: =IF(INDEX($J$20:$J$23,MATCH(1,$L$20:$L$23,0))<0,"—",INDEX($C$20:$C$23,MATCH(1,$L$20:$L$23,0))) -> Design & Build 1 Stage | C11: =IF(INDEX($J$20:$J$23,MATCH(1,$L$20:$L$23,0))<0,"",INDEX($I$20:$I$23,MATCH(1,$L$20:$L$23,0))) -> 9 | D11: =IF(INDEX($J$20:$J$23,MATCH(2,$L$20:$L$23,0))<0,"—",INDEX($C$20:$C$23,MATCH(2,$L$20:$L$23,0))) -> Traditional | E11: =IF(INDEX($J$20:$J$23,MATCH(2,$L$20:$L$23,0))<0,"",INDEX($I$20:$I$23,MATCH(2,$L$20:$L$23,0))) -> 7 | F11: =INDEX($A$20:$A$23,MATCH(1,$L$20:$L$23,0)) -> PR2 | G11: =IF(D11="—","",INDEX($A$20:$A$23,MATCH(2,$L$20:$L$23,0))) -> PR1
A12: Commercial model | B12: =IF(INDEX($J$24:$J$28,MATCH(1,$L$24:$L$28,0))<0,"—",INDEX($C$24:$C$28,MATCH(1,$L$24:$L$28,0))) -> Lump sum | C12: =IF(INDEX($J$24:$J$28,MATCH(1,$L$24:$L$28,0))<0,"",INDEX($I$24:$I$28,MATCH(1,$L$24:$L$28,0))) -> 8 | D12: =IF(G11="","—",IF(INDEX($K$24:$K$28,MATCH(1,$M$24:$M$28,0))<0,"—",INDEX($C$24:$C$28,MATCH(1,$M$24:$M$28,0)))) -> Lump sum | E12: =IF(D12="—","",INDEX($I$24:$I$28,MATCH(1,$M$24:$M$28,0))) -> 8 | F12: =IF(B12="—","",INDEX($A$24:$A$28,MATCH(1,$L$24:$L$28,0))) -> CM1 | G12: =IF(D12="—","",INDEX($A$24:$A$28,MATCH(1,$M$24:$M$28,0))) -> CM1
A13: Contract — JCT | B13: =IFERROR(INDEX('3. Contracts'!$C$2:$E$12,MATCH($F$11&"|"&$F$12,'3. Contracts'!$A$2:$A$12,0),MIN(3,MATCH($B$4,'1. Drivers'!$D$3:$D$6,1))),"—") -> JCT Design and Build (DB) | D13: =IFERROR(INDEX('3. Contracts'!$C$2:$E$12,MATCH($G$11&"|"&$G$12,'3. Contracts'!$A$2:$A$12,0),MIN(3,MATCH($B$4,'1. Drivers'!$D$3:$D$6,1))),"—") -> JCT Standard Building Contract with Quantities (SBC/Q) or without Quantities (SBC/XQ)
A14: Contract — NEC4 | B14: =IFERROR(INDEX('3. Contracts'!$F$2:$F$12,MATCH($F$11&"|"&$F$12,'3. Contracts'!$A$2:$A$12,0)),"—") -> ECC Option A with contractor's design | D14: =IFERROR(INDEX('3. Contracts'!$F$2:$F$12,MATCH($G$11&"|"&$G$12,'3. Contracts'!$A$2:$A$12,0)),"—") -> ECC Option A (priced contract with activity schedule); ECSC for simple low-value work
A15: Route to market | B15: =IF(INDEX($J$29:$J$34,MATCH(1,$L$29:$L$34,0))<0,"—",INDEX($C$29:$C$34,MATCH(1,$L$29:$L$34,0))) -> Selective tender | C15: =IF(INDEX($J$29:$J$34,MATCH(1,$L$29:$L$34,0))<0,"",INDEX($I$29:$I$34,MATCH(1,$L$29:$L$34,0))) -> 8 | D15: =IF(INDEX($J$29:$J$34,MATCH(2,$L$29:$L$34,0))<0,"—",INDEX($C$29:$C$34,MATCH(2,$L$29:$L$34,0))) -> Open tender | E15: =IF(INDEX($J$29:$J$34,MATCH(2,$L$29:$L$34,0))<0,"",INDEX($I$29:$I$34,MATCH(2,$L$29:$L$34,0))) -> 7 | F15: =INDEX($A$29:$A$34,MATCH(1,$L$29:$L$34,0)) -> RM3 | G15: =IF(D15="—","",INDEX($A$29:$A$34,MATCH(2,$L$29:$L$34,0))) -> RM2
A16: ="Maximum score: "&(2*('1. Drivers'!$D$22+'1. Drivers'!$D$23+'1. Drivers'!$D$24+'1. Drivers'!$D$25))&". Commercial model and contract in the Alternative column go with the alternative route." -> Maximum score: 10. Commercial model and contract in the Alternative column go with the alternative route.
A18: WORKINGS
A19: ID | B19: Output | C19: Option | D19: Value | E19: Duration | F19: Risk | G19: Priority | H19: Excluded | I19: Score | J19: Rank score (pref.) | K19: Rank score (alt.) | L19: Rank (pref.) | M19: Rank (alt.)
A20: ='2. Options'!A2 -> PR1 | B20: ='2. Options'!B2 -> Procurement route | C20: ='2. Options'!C2 -> Traditional | D20: =INDEX('2. Options'!$J2:$M2,1,MATCH($C$4,'2. Options'!$J$1:$M$1,0)) -> 1 | E20: =INDEX('2. Options'!$N2:$P2,1,MATCH($C$5,'2. Options'!$N$1:$P$1,0)) -> 2 | F20: =INDEX('2. Options'!$Q2:$S2,1,MATCH($C$6,'2. Options'!$Q$1:$S$1,0)) -> 0 | G20: =INDEX('2. Options'!$T2:$Z2,1,MATCH($C$7,'2. Options'!$T$1:$Z$1,0)) -> 2 | H20: =IF(OR(D20="X",E20="X",F20="X",G20="X",AND($B$8="Yes",'2. Options'!H2="Private only"),AND($B$8="No",'2. Options'!H2="Public only")),"Yes","No") -> No | I20: =IF(H20="Yes","",D20*'1. Drivers'!$D$22+E20*'1. Drivers'!$D$23+F20*'1. Drivers'!$D$24+G20*'1. Drivers'!$D$25) -> 7 | J20: =IF(H20="Yes",-100,I20)-ROW()/1000 -> 6.98 | K20: =J20 -> 6.98 | L20: =COUNTIF($J$20:$J$23,">"&J20)+1 -> 2 | M20: =COUNTIF($K$20:$K$23,">"&K20)+1 -> 2
A21: ='2. Options'!A3 -> PR2 | B21: ='2. Options'!B3 -> Procurement route | C21: ='2. Options'!C3 -> Design & Build 1 Stage | D21: =INDEX('2. Options'!$J3:$M3,1,MATCH($C$4,'2. Options'!$J$1:$M$1,0)) -> 2 | E21: =INDEX('2. Options'!$N3:$P3,1,MATCH($C$5,'2. Options'!$N$1:$P$1,0)) -> 2 | F21: =INDEX('2. Options'!$Q3:$S3,1,MATCH($C$6,'2. Options'!$Q$1:$S$1,0)) -> 1 | G21: =INDEX('2. Options'!$T3:$Z3,1,MATCH($C$7,'2. Options'!$T$1:$Z$1,0)) -> 2 | H21: =IF(OR(D21="X",E21="X",F21="X",G21="X",AND($B$8="Yes",'2. Options'!H3="Private only"),AND($B$8="No",'2. Options'!H3="Public only")),"Yes","No") -> No | I21: =IF(H21="Yes","",D21*'1. Drivers'!$D$22+E21*'1. Drivers'!$D$23+F21*'1. Drivers'!$D$24+G21*'1. Drivers'!$D$25) -> 9 | J21: =IF(H21="Yes",-100,I21)-ROW()/1000 -> 8.979 | K21: =J21 -> 8.979 | L21: =COUNTIF($J$20:$J$23,">"&J21)+1 -> 1 | M21: =COUNTIF($K$20:$K$23,">"&K21)+1 -> 1
A22: ='2. Options'!A4 -> PR3 | B22: ='2. Options'!B4 -> Procurement route | C22: ='2. Options'!C4 -> Design & Build 2 Stage | D22: =INDEX('2. Options'!$J4:$M4,1,MATCH($C$4,'2. Options'!$J$1:$M$1,0)) -> 2 | E22: =INDEX('2. Options'!$N4:$P4,1,MATCH($C$5,'2. Options'!$N$1:$P$1,0)) -> 1 | F22: =INDEX('2. Options'!$Q4:$S4,1,MATCH($C$6,'2. Options'!$Q$1:$S$1,0)) -> 2 | G22: =INDEX('2. Options'!$T4:$Z4,1,MATCH($C$7,'2. Options'!$T$1:$Z$1,0)) -> 1 | H22: =IF(OR(D22="X",E22="X",F22="X",G22="X",AND($B$8="Yes",'2. Options'!H4="Private only"),AND($B$8="No",'2. Options'!H4="Public only")),"Yes","No") -> No | I22: =IF(H22="Yes","",D22*'1. Drivers'!$D$22+E22*'1. Drivers'!$D$23+F22*'1. Drivers'!$D$24+G22*'1. Drivers'!$D$25) -> 7 | J22: =IF(H22="Yes",-100,I22)-ROW()/1000 -> 6.978 | K22: =J22 -> 6.978 | L22: =COUNTIF($J$20:$J$23,">"&J22)+1 -> 3 | M22: =COUNTIF($K$20:$K$23,">"&K22)+1 -> 3
A23: ='2. Options'!A5 -> PR4 | B23: ='2. Options'!B5 -> Procurement route | C23: ='2. Options'!C5 -> Management Contract / Construction Management | D23: =INDEX('2. Options'!$J5:$M5,1,MATCH($C$4,'2. Options'!$J$1:$M$1,0)) -> 0 | E23: =INDEX('2. Options'!$N5:$P5,1,MATCH($C$5,'2. Options'!$N$1:$P$1,0)) -> 1 | F23: =INDEX('2. Options'!$Q5:$S5,1,MATCH($C$6,'2. Options'!$Q$1:$S$1,0)) -> 2 | G23: =INDEX('2. Options'!$T5:$Z5,1,MATCH($C$7,'2. Options'!$T$1:$Z$1,0)) -> 0 | H23: =IF(OR(D23="X",E23="X",F23="X",G23="X",AND($B$8="Yes",'2. Options'!H5="Private only"),AND($B$8="No",'2. Options'!H5="Public only")),"Yes","No") -> No | I23: =IF(H23="Yes","",D23*'1. Drivers'!$D$22+E23*'1. Drivers'!$D$23+F23*'1. Drivers'!$D$24+G23*'1. Drivers'!$D$25) -> 3 | J23: =IF(H23="Yes",-100,I23)-ROW()/1000 -> 2.977 | K23: =J23 -> 2.977 | L23: =COUNTIF($J$20:$J$23,">"&J23)+1 -> 4 | M23: =COUNTIF($K$20:$K$23,">"&K23)+1 -> 4
A24: ='2. Options'!A6 -> CM1 | B24: ='2. Options'!B6 -> Commercial model | C24: ='2. Options'!C6 -> Lump sum | D24: =INDEX('2. Options'!$J6:$M6,1,MATCH($C$4,'2. Options'!$J$1:$M$1,0)) -> 2 | E24: =INDEX('2. Options'!$N6:$P6,1,MATCH($C$5,'2. Options'!$N$1:$P$1,0)) -> 2 | F24: =INDEX('2. Options'!$Q6:$S6,1,MATCH($C$6,'2. Options'!$Q$1:$S$1,0)) -> 0 | G24: =INDEX('2. Options'!$T6:$Z6,1,MATCH($C$7,'2. Options'!$T$1:$Z$1,0)) -> 2 | H24: =IF(OR(D24="X",E24="X",F24="X",G24="X",AND($B$8="Yes",'2. Options'!H6="Private only"),AND($B$8="No",'2. Options'!H6="Public only")),"Yes","No") -> No | I24: =IF(H24="Yes","",D24*'1. Drivers'!$D$22+E24*'1. Drivers'!$D$23+F24*'1. Drivers'!$D$24+G24*'1. Drivers'!$D$25) -> 8 | J24: =IF(OR(H24="Yes",ISERROR(SEARCH($F$11,'2. Options'!G6))),-100,I24)-ROW()/1000 -> 7.976 | K24: =IF(OR($G$11="",H24="Yes",ISERROR(SEARCH($G$11,'2. Options'!G6))),-100,I24)-ROW()/1000 -> 7.976 | L24: =COUNTIF($J$24:$J$28,">"&J24)+1 -> 1 | M24: =COUNTIF($K$24:$K$28,">"&K24)+1 -> 1
A25: ='2. Options'!A7 -> CM2 | B25: ='2. Options'!B7 -> Commercial model | C25: ='2. Options'!C7 -> Guaranteed maximum price (GMP) | D25: =INDEX('2. Options'!$J7:$M7,1,MATCH($C$4,'2. Options'!$J$1:$M$1,0)) -> 2 | E25: =INDEX('2. Options'!$N7:$P7,1,MATCH($C$5,'2. Options'!$N$1:$P$1,0)) -> 1 | F25: =INDEX('2. Options'!$Q7:$S7,1,MATCH($C$6,'2. Options'!$Q$1:$S$1,0)) -> 1 | G25: =INDEX('2. Options'!$T7:$Z7,1,MATCH($C$7,'2. Options'!$T$1:$Z$1,0)) -> 2 | H25: =IF(OR(D25="X",E25="X",F25="X",G25="X",AND($B$8="Yes",'2. Options'!H7="Private only"),AND($B$8="No",'2. Options'!H7="Public only")),"Yes","No") -> No | I25: =IF(H25="Yes","",D25*'1. Drivers'!$D$22+E25*'1. Drivers'!$D$23+F25*'1. Drivers'!$D$24+G25*'1. Drivers'!$D$25) -> 8 | J25: =IF(OR(H25="Yes",ISERROR(SEARCH($F$11,'2. Options'!G7))),-100,I25)-ROW()/1000 -> 7.975 | K25: =IF(OR($G$11="",H25="Yes",ISERROR(SEARCH($G$11,'2. Options'!G7))),-100,I25)-ROW()/1000 -> -100.025 | L25: =COUNTIF($J$24:$J$28,">"&J25)+1 -> 2 | M25: =COUNTIF($K$24:$K$28,">"&K25)+1 -> 5
A26: ='2. Options'!A8 -> CM3 | B26: ='2. Options'!B8 -> Commercial model | C26: ='2. Options'!C8 -> Target cost | D26: =INDEX('2. Options'!$J8:$M8,1,MATCH($C$4,'2. Options'!$J$1:$M$1,0)) -> 2 | E26: =INDEX('2. Options'!$N8:$P8,1,MATCH($C$5,'2. Options'!$N$1:$P$1,0)) -> 1 | F26: =INDEX('2. Options'!$Q8:$S8,1,MATCH($C$6,'2. Options'!$Q$1:$S$1,0)) -> 2 | G26: =INDEX('2. Options'!$T8:$Z8,1,MATCH($C$7,'2. Options'!$T$1:$Z$1,0)) -> 0 | H26: =IF(OR(D26="X",E26="X",F26="X",G26="X",AND($B$8="Yes",'2. Options'!H8="Private only"),AND($B$8="No",'2. Options'!H8="Public only")),"Yes","No") -> No | I26: =IF(H26="Yes","",D26*'1. Drivers'!$D$22+E26*'1. Drivers'!$D$23+F26*'1. Drivers'!$D$24+G26*'1. Drivers'!$D$25) -> 5 | J26: =IF(OR(H26="Yes",ISERROR(SEARCH($F$11,'2. Options'!G8))),-100,I26)-ROW()/1000 -> 4.974 | K26: =IF(OR($G$11="",H26="Yes",ISERROR(SEARCH($G$11,'2. Options'!G8))),-100,I26)-ROW()/1000 -> 4.974 | L26: =COUNTIF($J$24:$J$28,">"&J26)+1 -> 3 | M26: =COUNTIF($K$24:$K$28,">"&K26)+1 -> 2
A27: ='2. Options'!A9 -> CM4 | B27: ='2. Options'!B9 -> Commercial model | C27: ='2. Options'!C9 -> Remeasurement | D27: =INDEX('2. Options'!$J9:$M9,1,MATCH($C$4,'2. Options'!$J$1:$M$1,0)) -> 1 | E27: =INDEX('2. Options'!$N9:$P9,1,MATCH($C$5,'2. Options'!$N$1:$P$1,0)) -> 2 | F27: =INDEX('2. Options'!$Q9:$S9,1,MATCH($C$6,'2. Options'!$Q$1:$S$1,0)) -> 2 | G27: =INDEX('2. Options'!$T9:$Z9,1,MATCH($C$7,'2. Options'!$T$1:$Z$1,0)) -> 0 | H27: =IF(OR(D27="X",E27="X",F27="X",G27="X",AND($B$8="Yes",'2. Options'!H9="Private only"),AND($B$8="No",'2. Options'!H9="Public only")),"Yes","No") -> No | I27: =IF(H27="Yes","",D27*'1. Drivers'!$D$22+E27*'1. Drivers'!$D$23+F27*'1. Drivers'!$D$24+G27*'1. Drivers'!$D$25) -> 5 | J27: =IF(OR(H27="Yes",ISERROR(SEARCH($F$11,'2. Options'!G9))),-100,I27)-ROW()/1000 -> -100.027 | K27: =IF(OR($G$11="",H27="Yes",ISERROR(SEARCH($G$11,'2. Options'!G9))),-100,I27)-ROW()/1000 -> 4.973 | L27: =COUNTIF($J$24:$J$28,">"&J27)+1 -> 4 | M27: =COUNTIF($K$24:$K$28,">"&K27)+1 -> 3
A28: ='2. Options'!A10 -> CM5 | B28: ='2. Options'!B10 -> Commercial model | C28: ='2. Options'!C10 -> Cost reimbursable | D28: =INDEX('2. Options'!$J10:$M10,1,MATCH($C$4,'2. Options'!$J$1:$M$1,0)) -> 0 | E28: =INDEX('2. Options'!$N10:$P10,1,MATCH($C$5,'2. Options'!$N$1:$P$1,0)) -> 1 | F28: =INDEX('2. Options'!$Q10:$S10,1,MATCH($C$6,'2. Options'!$Q$1:$S$1,0)) -> 2 | G28: =INDEX('2. Options'!$T10:$Z10,1,MATCH($C$7,'2. Options'!$T$1:$Z$1,0)) -> 0 | H28: =IF(OR(D28="X",E28="X",F28="X",G28="X",AND($B$8="Yes",'2. Options'!H10="Private only"),AND($B$8="No",'2. Options'!H10="Public only")),"Yes","No") -> No | I28: =IF(H28="Yes","",D28*'1. Drivers'!$D$22+E28*'1. Drivers'!$D$23+F28*'1. Drivers'!$D$24+G28*'1. Drivers'!$D$25) -> 3 | J28: =IF(OR(H28="Yes",ISERROR(SEARCH($F$11,'2. Options'!G10))),-100,I28)-ROW()/1000 -> -100.028 | K28: =IF(OR($G$11="",H28="Yes",ISERROR(SEARCH($G$11,'2. Options'!G10))),-100,I28)-ROW()/1000 -> 2.972 | L28: =COUNTIF($J$24:$J$28,">"&J28)+1 -> 5 | M28: =COUNTIF($K$24:$K$28,">"&K28)+1 -> 4
A29: ='2. Options'!A11 -> RM1 | B29: ='2. Options'!B11 -> Route to market | C29: ='2. Options'!C11 -> Quotations | D29: =INDEX('2. Options'!$J11:$M11,1,MATCH($C$4,'2. Options'!$J$1:$M$1,0)) -> X | E29: =INDEX('2. Options'!$N11:$P11,1,MATCH($C$5,'2. Options'!$N$1:$P$1,0)) -> 1 | F29: =INDEX('2. Options'!$Q11:$S11,1,MATCH($C$6,'2. Options'!$Q$1:$S$1,0)) -> 0 | G29: =INDEX('2. Options'!$T11:$Z11,1,MATCH($C$7,'2. Options'!$T$1:$Z$1,0)) -> 1 | H29: =IF(OR(D29="X",E29="X",F29="X",G29="X",AND($B$8="Yes",'2. Options'!H11="Private only"),AND($B$8="No",'2. Options'!H11="Public only")),"Yes","No") -> Yes | I29: =IF(H29="Yes","",D29*'1. Drivers'!$D$22+E29*'1. Drivers'!$D$23+F29*'1. Drivers'!$D$24+G29*'1. Drivers'!$D$25) | J29: =IF(H29="Yes",-100,I29)-ROW()/1000 -> -100.029 | K29: =J29 -> -100.029 | L29: =COUNTIF($J$29:$J$34,">"&J29)+1 -> 4 | M29: =COUNTIF($K$29:$K$34,">"&K29)+1 -> 4
A30: ='2. Options'!A12 -> RM2 | B30: ='2. Options'!B12 -> Route to market | C30: ='2. Options'!C12 -> Open tender | D30: =INDEX('2. Options'!$J12:$M12,1,MATCH($C$4,'2. Options'!$J$1:$M$1,0)) -> 2 | E30: =INDEX('2. Options'!$N12:$P12,1,MATCH($C$5,'2. Options'!$N$1:$P$1,0)) -> 1 | F30: =INDEX('2. Options'!$Q12:$S12,1,MATCH($C$6,'2. Options'!$Q$1:$S$1,0)) -> 0 | G30: =INDEX('2. Options'!$T12:$Z12,1,MATCH($C$7,'2. Options'!$T$1:$Z$1,0)) -> 2 | H30: =IF(OR(D30="X",E30="X",F30="X",G30="X",AND($B$8="Yes",'2. Options'!H12="Private only"),AND($B$8="No",'2. Options'!H12="Public only")),"Yes","No") -> No | I30: =IF(H30="Yes","",D30*'1. Drivers'!$D$22+E30*'1. Drivers'!$D$23+F30*'1. Drivers'!$D$24+G30*'1. Drivers'!$D$25) -> 7 | J30: =IF(H30="Yes",-100,I30)-ROW()/1000 -> 6.97 | K30: =J30 -> 6.97 | L30: =COUNTIF($J$29:$J$34,">"&J30)+1 -> 2 | M30: =COUNTIF($K$29:$K$34,">"&K30)+1 -> 2
A31: ='2. Options'!A13 -> RM3 | B31: ='2. Options'!B13 -> Route to market | C31: ='2. Options'!C13 -> Selective tender | D31: =INDEX('2. Options'!$J13:$M13,1,MATCH($C$4,'2. Options'!$J$1:$M$1,0)) -> 1 | E31: =INDEX('2. Options'!$N13:$P13,1,MATCH($C$5,'2. Options'!$N$1:$P$1,0)) -> 2 | F31: =INDEX('2. Options'!$Q13:$S13,1,MATCH($C$6,'2. Options'!$Q$1:$S$1,0)) -> 1 | G31: =INDEX('2. Options'!$T13:$Z13,1,MATCH($C$7,'2. Options'!$T$1:$Z$1,0)) -> 2 | H31: =IF(OR(D31="X",E31="X",F31="X",G31="X",AND($B$8="Yes",'2. Options'!H13="Private only"),AND($B$8="No",'2. Options'!H13="Public only")),"Yes","No") -> No | I31: =IF(H31="Yes","",D31*'1. Drivers'!$D$22+E31*'1. Drivers'!$D$23+F31*'1. Drivers'!$D$24+G31*'1. Drivers'!$D$25) -> 8 | J31: =IF(H31="Yes",-100,I31)-ROW()/1000 -> 7.969 | K31: =J31 -> 7.969 | L31: =COUNTIF($J$29:$J$34,">"&J31)+1 -> 1 | M31: =COUNTIF($K$29:$K$34,">"&K31)+1 -> 1
A32: ='2. Options'!A14 -> RM4 | B32: ='2. Options'!B14 -> Route to market | C32: ='2. Options'!C14 -> Framework — mini-competition | D32: =INDEX('2. Options'!$J14:$M14,1,MATCH($C$4,'2. Options'!$J$1:$M$1,0)) -> 2 | E32: =INDEX('2. Options'!$N14:$P14,1,MATCH($C$5,'2. Options'!$N$1:$P$1,0)) -> 2 | F32: =INDEX('2. Options'!$Q14:$S14,1,MATCH($C$6,'2. Options'!$Q$1:$S$1,0)) -> 2 | G32: =INDEX('2. Options'!$T14:$Z14,1,MATCH($C$7,'2. Options'!$T$1:$Z$1,0)) -> 2 | H32: =IF(OR(D32="X",E32="X",F32="X",G32="X",AND($B$8="Yes",'2. Options'!H14="Private only"),AND($B$8="No",'2. Options'!H14="Public only")),"Yes","No") -> Yes | I32: =IF(H32="Yes","",D32*'1. Drivers'!$D$22+E32*'1. Drivers'!$D$23+F32*'1. Drivers'!$D$24+G32*'1. Drivers'!$D$25) | J32: =IF(H32="Yes",-100,I32)-ROW()/1000 -> -100.032 | K32: =J32 -> -100.032 | L32: =COUNTIF($J$29:$J$34,">"&J32)+1 -> 5 | M32: =COUNTIF($K$29:$K$34,">"&K32)+1 -> 5
A33: ='2. Options'!A15 -> RM5 | B33: ='2. Options'!B15 -> Route to market | C33: ='2. Options'!C15 -> Framework — direct award | D33: =INDEX('2. Options'!$J15:$M15,1,MATCH($C$4,'2. Options'!$J$1:$M$1,0)) -> 2 | E33: =INDEX('2. Options'!$N15:$P15,1,MATCH($C$5,'2. Options'!$N$1:$P$1,0)) -> 2 | F33: =INDEX('2. Options'!$Q15:$S15,1,MATCH($C$6,'2. Options'!$Q$1:$S$1,0)) -> 2 | G33: =INDEX('2. Options'!$T15:$Z15,1,MATCH($C$7,'2. Options'!$T$1:$Z$1,0)) -> 1 | H33: =IF(OR(D33="X",E33="X",F33="X",G33="X",AND($B$8="Yes",'2. Options'!H15="Private only"),AND($B$8="No",'2. Options'!H15="Public only")),"Yes","No") -> Yes | I33: =IF(H33="Yes","",D33*'1. Drivers'!$D$22+E33*'1. Drivers'!$D$23+F33*'1. Drivers'!$D$24+G33*'1. Drivers'!$D$25) | J33: =IF(H33="Yes",-100,I33)-ROW()/1000 -> -100.033 | K33: =J33 -> -100.033 | L33: =COUNTIF($J$29:$J$34,">"&J33)+1 -> 6 | M33: =COUNTIF($K$29:$K$34,">"&K33)+1 -> 6
A34: ='2. Options'!A16 -> RM6 | B34: ='2. Options'!B16 -> Route to market | C34: ='2. Options'!C16 -> Negotiated | D34: =INDEX('2. Options'!$J16:$M16,1,MATCH($C$4,'2. Options'!$J$1:$M$1,0)) -> 1 | E34: =INDEX('2. Options'!$N16:$P16,1,MATCH($C$5,'2. Options'!$N$1:$P$1,0)) -> 1 | F34: =INDEX('2. Options'!$Q16:$S16,1,MATCH($C$6,'2. Options'!$Q$1:$S$1,0)) -> 2 | G34: =INDEX('2. Options'!$T16:$Z16,1,MATCH($C$7,'2. Options'!$T$1:$Z$1,0)) -> 1 | H34: =IF(OR(D34="X",E34="X",F34="X",G34="X",AND($B$8="Yes",'2. Options'!H16="Private only"),AND($B$8="No",'2. Options'!H16="Public only")),"Yes","No") -> No | I34: =IF(H34="Yes","",D34*'1. Drivers'!$D$22+E34*'1. Drivers'!$D$23+F34*'1. Drivers'!$D$24+G34*'1. Drivers'!$D$25) -> 6 | J34: =IF(H34="Yes",-100,I34)-ROW()/1000 -> 5.966 | K34: =J34 -> 5.966 | L34: =COUNTIF($J$29:$J$34,">"&J34)+1 -> 3 | M34: =COUNTIF($K$29:$K$34,">"&K34)+1 -> 3

Sheet 5. Routes and contracts
A1: PROCUREMENT ROUTES AND THEIR CONTRACTS — RIBA Plan of Work 2020
A2: The route decides WHEN the contractor is brought in and who designs; the contract is chosen WITHIN the route; the route to market (tab 2) decides how long the tender takes. The table above is reference; the app reads the ▶ contract_rules table below. The programme timing for each route is on the Programme workbook's 'Procurement' sheet.
A4: Route (RIBA) | B4: Contractor brought in | C4: Contract | D4: Form | E4: Use it when | F4: Value | G4: Programme effect
A5: Traditional | B5: Tender at the end of Stage 4 | C5: Minor Works Building Contract (MW) | D5: JCT | E5: Simple work fully designed by the client's team; refurbishment, fit-out or external works; no specialist design | F5: Up to £1m | G5: Stage 3 and Stage 4 combined into one short design-and-specification stage
A6: Traditional | B6: Tender at the end of Stage 4 | C6: Minor Works with Contractor's Design (MWD) | D6: JCT | E6: As MW, where the contractor designs one named part (e.g. ventilation) | F6: Up to £1m | G6: As MW
A7: Traditional | B7: Tender at the end of Stage 4 | C7: Engineering and Construction Short Contract (ECS) | D7: NEC4 | E7: Simple, low-risk work (NEC4 equivalent of MW) | F7: Up to £1m | G7: As MW
A8: Traditional | B8: Tender at the end of Stage 4 | C8: Intermediate Building Contract (IC) | D8: JCT | E8: Medium-sized work fully designed by the client's team | F8: £1m to threshold | G8: None
A9: Traditional | B9: Tender at the end of Stage 4 | C9: Intermediate with Contractor's Design (ICD) — CDP option | D9: JCT | E9: As IC, where the contractor designs named parts (services, cladding, roofing systems) | F9: £1m to threshold | G9: Client's Stage 4 shorter (named parts by performance specification)
A10: Traditional | B10: Tender at the end of Stage 4 | C10: Standard Building Contract with / without Quantities (SBC) | D10: JCT | E10: Large or complex work fully designed by the client | F10: Above threshold | G10: None
A11: Traditional | B11: Tender at the end of Stage 4 | C11: Standard Building Contract with Contractor's Designed Portion (SBC + CDP) — CDP option | D11: JCT | E11: As SBC, where the contractor designs named parts | F11: Above threshold | G11: Client's Stage 4 shorter
A12: Traditional | B12: Tender at the end of Stage 4 | C12: Engineering and Construction Contract (ECC) Option A or B | D12: NEC4 | E12: Priced contract with activity schedule (A) or bill of quantities (B) | F12: Any | G12: None
A13: Traditional | B13: Tender at the end of Stage 4 | C13: Measured Term Contract (MTC) / Prime Cost (PCC) | D13: JCT | E13: Repeat or term works (MTC); urgent or undefined work (PCC) | F13: Any | G13: None
A14: Design & Build 1 Stage | B14: Employer's Requirements at the end of Stage 3; contractor appointed at the start of Stage 4 | C14: Design and Build Contract (DB) | D14: JCT | E14: Client can state clear requirements; one point of responsibility | F14: £1m and above | G14: Tender after Stage 3; the contractor does Stage 4 after award, then builds
A15: Design & Build 1 Stage | B15: Employer's Requirements at the end of Stage 3 | C15: Minor Works with Contractor's Design (MWD) | D15: JCT | E15: Small design and build work | F15: Up to £1m | G15: As DB
... A20: Management Contract / Construction Management | B20: As above | C20: ECC Option F (management contract) | D20: NEC4 | E20: NEC4 equivalent | F20: Above threshold | G20: As above
A22: ▶ contract_rules | B22: Read by the app. Within the Traditional route: Minor Works (MW, or MWD with one specialist item) when every MW rule holds; otherwise the CDP option when the scope has at least CDP-SERVICES-MIN services items. Lists are separated by ";".
A23: Rule | B23: Value | C23: Meaning
A24: MW-VALUE-MAX | B24: 1000000 | C24: Construction cost below this (£, excl. VAT) — owner, 11 Oct 2026
A25: MW-SIZE-MAX | B25: 500 | C25: Floor area (Q1.5, m²) at or below this — owner, 11 Oct 2026
A26: MW-PROJECT-TYPES | B26: Refurbishment; Fit-out; External works only | C26: Project types (Q1.2) that can use Minor Works
A27: MW-EXCLUDE-LEVELS | B27: Reconfiguration or full redesign | C27: Levels of intervention (Q2.2) that rule Minor Works out
A28: MW-SPECIALIST | B28: Laboratory; Clinical; Cleanroom; Medical gases; Fume extraction; Lifts; Sprinklers; Smoke ventilation | C28: Scope items needing specialist design: none = MW, exactly one = MWD, more = not Minor Works
A29: MW-JCT | B29: JCT Minor Works Building Contract (MW) | C29: Contract shown for Minor Works
A30: MWD-JCT | B30: JCT Minor Works Building Contract with Contractor's Design (MWD) | C30: Contract shown when one specialist item is contractor-designed
A31: MW-NEC4 | B31: NEC4 Engineering and Construction Short Contract (ECS) | C31: NEC4 equivalent for Minor Works
A32: CDP-SERVICES-MIN | B32: 4 | C32: Services (Group 5) items in the scope at or above which the CDP option is used
A33: CDP-JCT-BELOW | B33: JCT Intermediate Building Contract with Contractor's Design (ICD) | C33: CDP contract below the works threshold
A34: CDP-JCT-ABOVE | B34: JCT Standard Building Contract with Contractor's Designed Portion (SBC + CDP) | C34: CDP contract at or above the works threshold
A35: CDP-NEC4 | B35: NEC4 ECC Option A with contractor's design of named parts | C35: NEC4 equivalent for the CDP option
A37: No overlap | B37: Owner (11 Oct 2026): work on site starts only when Stage 4 is complete, on every route. Contractor-led is not offered.
